timestamp_utc,publisher,username,success,returncode,stderr,stdout
2026-02-13T16:48:08Z,Github Gists [1],buildbot,True,0,,"
====================================================
GitHub Gist created successfully.
RESULT_URL: https://gist.github.com/nets-pass/644ddaa594b1f39e49d876af13be95d6
====================================================

"
2026-02-13T16:48:09Z,Github Gists [2],release,False,1,"Traceback (most recent call last):
  File ""/home/runner/work/honey_advert_tool_automated/honey_advert_tool_automated/publisher_scripts/github_gist_2.py"", line 39, in <module>
    r.raise_for_status()
  File ""/opt/hostedtoolcache/Python/3.12.12/x64/lib/python3.12/site-packages/requests/models.py"", line 1026, in raise_for_status
    raise HTTPError(http_error_msg, response=self)
requests.exceptions.HTTPError: 403 Client Error: Forbidden for url: https://api.github.com/gists
","status: 403
response: {
  ""message"": ""Sorry. Your account was suspended"",
  ""documentation_url"": ""https://docs.github.com/rest"",
  ""status"": ""403""
}

"
2026-02-13T16:48:11Z,Github Site Post,log_admin,True,0,,"
====================================================
GitHub Pages post created successfully.
RESULT_URL: backdoor-echo.net/posts/2026-02-13-164809-post.html
====================================================

"
2026-02-13T16:48:11Z,Gitlab Snippets [1],netops,False,1,"Error 403: {""message"":""403 Forbidden - Your account has been blocked.""}
",
2026-02-13T16:48:11Z,Gitlab Snippets [2],db_user,False,1,"Error 403: {""message"":""403 Forbidden - Your account has been blocked.""}
",
2026-02-13T16:48:12Z,Hastebin Post,cloudops,True,0,,"
====================================================
Hastebin post created successfully.
RESULT_URL: https://hastebin.com/iyeyukomug
Raw URL : https://hastebin.com/raw/iyeyukomug
====================================================

"
2026-02-13T16:48:27Z,Notepad.link post,maint_user,True,0,,"
====================================================
Notepad.link post created successfully.
RESULT_URL: https://notepad.link/2qzGo
====================================================

"
2026-02-13T16:48:28Z,Pastebin post [1],svc_api,True,0,,"
====================================================
Pastebin post created successfully.
RESULT_URL: https://pastebin.com/CPemaCRq
====================================================

"
2026-02-13T16:48:29Z,Pastebin post [2],ops_backup,True,0,,"
====================================================
Pastebin post created successfully.
RESULT_URL: https://pastebin.com/9e0LcP7d
====================================================

"
2026-02-13T16:48:33Z,Privatebin post,staging,True,0,,"
====================================================
Privatebin post created successfully.
RESULT_URL: https://privatebin.net/?63d03b3a9ae1e23c#92oyL4c3KauESNCLACwpTtCRkgzPsDEgVGAPB7XGJJ9N
Delete Token: ad64e025e59d807d5d27da4feb17dcb9bdb354ebc30f28cd9d4bf39355d74f5a
====================================================

"
2026-02-13T16:48:33Z,Reddit r/test,it.admin,False,1,"Traceback (most recent call last):
  File ""/home/runner/work/honey_advert_tool_automated/honey_advert_tool_automated/publisher_scripts/reddit_post_1.py"", line 34, in <module>
    post = subreddit.submit(
           ^^^^^^^^^^^^^^^^^
  File ""/opt/hostedtoolcache/Python/3.12.12/x64/lib/python3.12/site-packages/praw/util/deprecate_args.py"", line 46, in wrapped
    return func(**dict(zip(_old_args, args)), **kwargs)
           ^^^^^^^^^^^^^^^^^^^^^^^^^^^^^^^^^^^^^^^^^^^^
  File ""/opt/hostedtoolcache... [truncated]",
2026-02-13T16:48:34Z,Telegram bot,john.smith,True,0,,"
====================================================
Telegram post created successfully.
Check on @ https://t.me/hacked_ip_pwd
====================================================

"
2026-02-13T16:48:34Z,Twitter Post,maria-garcia,True,0,,"
====================================================
Twitter post created successfully.
RESULT_URL: https://twitter.com/phil_ip_netdump/status/2022352208218472954
====================================================

"
2026-02-13T16:48:44Z,Wordpress Site Post,alex.brown,True,0,,"
====================================================
Wordpress post created successfully.
RESULT_URL: https://nctz65sc97-fjgsv.wordpress.com/2026/02/13/something-interesting-with-some-pwd-and-ips-89/
====================================================

"
2026-02-13T18:51:09Z,Github Gists [1],taylor-j,True,0,,"
====================================================
GitHub Gist created successfully.
RESULT_URL: https://gist.github.com/nets-pass/af4c2801562d98b6e521eb7642e32f5b
====================================================

"
2026-02-13T18:51:09Z,Github Gists [2],luca.rossi,False,1,"Traceback (most recent call last):
  File ""/home/runner/work/honey_advert_tool_automated/honey_advert_tool_automated/publisher_scripts/github_gist_2.py"", line 39, in <module>
    r.raise_for_status()
  File ""/opt/hostedtoolcache/Python/3.12.12/x64/lib/python3.12/site-packages/requests/models.py"", line 1026, in raise_for_status
    raise HTTPError(http_error_msg, response=self)
requests.exceptions.HTTPError: 403 Client Error: Forbidden for url: https://api.github.com/gists
","status: 403
response: {
  ""message"": ""Sorry. Your account was suspended"",
  ""documentation_url"": ""https://docs.github.com/rest"",
  ""status"": ""403""
}

"
2026-02-13T18:51:13Z,Github Site Post,ivanov-a,True,0,,"
====================================================
GitHub Pages post created successfully.
RESULT_URL: backdoor-echo.net/posts/2026-02-13-185109-post.html
====================================================

"
2026-02-13T18:51:13Z,Gitlab Snippets [1],emma.wilson,False,1,"Error 403: {""message"":""403 Forbidden - Your account has been blocked.""}
",
2026-02-13T18:51:14Z,Gitlab Snippets [2],khan.m,False,1,"Error 403: {""message"":""403 Forbidden - Your account has been blocked.""}
",
2026-02-13T18:51:14Z,Hastebin Post,perez-j,True,0,,"
====================================================
Hastebin post created successfully.
RESULT_URL: https://hastebin.com/akupirejuf
Raw URL : https://hastebin.com/raw/akupirejuf
====================================================

"
2026-02-13T18:52:12Z,Notepad.link post,schmidt_k,True,0,,"
====================================================
Notepad.link post created successfully.
RESULT_URL: https://notepad.link/Q8TuV
====================================================

"
2026-02-13T18:52:13Z,Pastebin post [1],monitoring,True,0,,"
====================================================
Pastebin post created successfully.
RESULT_URL: https://pastebin.com/JrvRZHtz
====================================================

"
2026-02-13T18:52:13Z,Pastebin post [2],support_it,True,0,,"
====================================================
Pastebin post created successfully.
RESULT_URL: https://pastebin.com/K429VimZ
====================================================

"
2026-02-13T18:52:17Z,Privatebin post,data.admin,True,0,,"
====================================================
Privatebin post created successfully.
RESULT_URL: https://privatebin.net/?ca50fd0e0ac635a7#JCFx14iVmPrv8kbEBR4ajzUxUdsJTCsmcBUA3mFwkCME
Delete Token: e39fed580f4ff3a9e02fa268898e720877595d57420585e0430ae77fea2efdad
====================================================

"
2026-02-13T18:52:17Z,Reddit r/test,appuser,False,1,"Traceback (most recent call last):
  File ""/home/runner/work/honey_advert_tool_automated/honey_advert_tool_automated/publisher_scripts/reddit_post_1.py"", line 34, in <module>
    post = subreddit.submit(
           ^^^^^^^^^^^^^^^^^
  File ""/opt/hostedtoolcache/Python/3.12.12/x64/lib/python3.12/site-packages/praw/util/deprecate_args.py"", line 46, in wrapped
    return func(**dict(zip(_old_args, args)), **kwargs)
           ^^^^^^^^^^^^^^^^^^^^^^^^^^^^^^^^^^^^^^^^^^^^
  File ""/opt/hostedtoolcache... [truncated]",
2026-02-13T18:52:18Z,Telegram bot,infra.john,True,0,,"
====================================================
Telegram post created successfully.
Check on @ https://t.me/hacked_ip_pwd
====================================================

"
2026-02-13T18:52:19Z,Twitter Post,svc_web,True,0,,"
====================================================
Twitter post created successfully.
RESULT_URL: https://twitter.com/phil_ip_netdump/status/2022383346634911895
====================================================

"
2026-02-13T18:52:27Z,Wordpress Site Post,qa_user,True,0,,"
====================================================
Wordpress post created successfully.
RESULT_URL: https://nctz65sc97-fjgsv.wordpress.com/2026/02/13/something-interesting-with-some-pwd-and-ips-90/
====================================================

"
2026-02-14T06:44:36Z,Github Gists [1],admin,True,0,,"
====================================================
GitHub Gist created successfully.
RESULT_URL: https://gist.github.com/nets-pass/e2a687db893437e92b756f5d9c932414
====================================================

"
2026-02-14T06:44:36Z,Github Gists [2],deploy01,False,1,"Traceback (most recent call last):
  File ""/home/runner/work/honey_advert_tool_automated/honey_advert_tool_automated/publisher_scripts/github_gist_2.py"", line 39, in <module>
    r.raise_for_status()
  File ""/opt/hostedtoolcache/Python/3.12.12/x64/lib/python3.12/site-packages/requests/models.py"", line 1026, in raise_for_status
    raise HTTPError(http_error_msg, response=self)
requests.exceptions.HTTPError: 403 Client Error: Forbidden for url: https://api.github.com/gists
","status: 403
response: {
  ""message"": ""Sorry. Your account was suspended"",
  ""documentation_url"": ""https://docs.github.com/rest"",
  ""status"": ""403""
}

"
2026-02-14T06:44:38Z,Github Site Post,ops.mike,True,0,,"
====================================================
GitHub Pages post created successfully.
RESULT_URL: backdoor-echo.net/posts/2026-02-14-064436-post.html
====================================================

"
2026-02-14T06:44:38Z,Gitlab Snippets [1],backup_srv,False,1,"Error 403: {""message"":""403 Forbidden - Your account has been blocked.""}
",
2026-02-14T06:44:38Z,Gitlab Snippets [2],sys.maria,False,1,"Error 403: {""message"":""403 Forbidden - Your account has been blocked.""}
",
2026-02-14T06:44:39Z,Hastebin Post,webadmin,True,0,,"
====================================================
Hastebin post created successfully.
RESULT_URL: https://hastebin.com/elogugizox
Raw URL : https://hastebin.com/raw/elogugizox
====================================================

"
2026-02-14T06:44:53Z,Notepad.link post,alex_ops,True,0,,"
====================================================
Notepad.link post created successfully.
RESULT_URL: https://notepad.link/fEIcu
====================================================

"
2026-02-14T06:44:54Z,Pastebin post [1],svc_api,True,0,,"
====================================================
Pastebin post created successfully.
RESULT_URL: https://pastebin.com/iTJng9DH
====================================================

"
2026-02-14T06:44:54Z,Pastebin post [2],ops_backup,True,0,,"
====================================================
Pastebin post created successfully.
RESULT_URL: https://pastebin.com/KGhn4DvL
====================================================

"
2026-02-14T06:44:58Z,Privatebin post,staging,True,0,,"
====================================================
Privatebin post created successfully.
RESULT_URL: https://privatebin.net/?cb86f1b5a4ebb4ba#HYw4L6ytBEk5ayfYh7K6MGKkfnSJC3FzG8QnfdN4ugPp
Delete Token: f830719af72ab688c42521b3834e28df76400c90305ccbbccf4bfe2769269086
====================================================

"
2026-02-14T06:44:58Z,Reddit r/test,it.admin,False,1,"Traceback (most recent call last):
  File ""/home/runner/work/honey_advert_tool_automated/honey_advert_tool_automated/publisher_scripts/reddit_post_1.py"", line 34, in <module>
    post = subreddit.submit(
           ^^^^^^^^^^^^^^^^^
  File ""/opt/hostedtoolcache/Python/3.12.12/x64/lib/python3.12/site-packages/praw/util/deprecate_args.py"", line 46, in wrapped
    return func(**dict(zip(_old_args, args)), **kwargs)
           ^^^^^^^^^^^^^^^^^^^^^^^^^^^^^^^^^^^^^^^^^^^^
  File ""/opt/hostedtoolcache... [truncated]",
2026-02-14T06:44:59Z,Telegram bot,john.smith,True,0,,"
====================================================
Telegram post created successfully.
Check on @ https://t.me/hacked_ip_pwd
====================================================

"
2026-02-14T06:44:59Z,Twitter Post,maria-garcia,False,1,"Traceback (most recent call last):
  File ""/home/runner/work/honey_advert_tool_automated/honey_advert_tool_automated/publisher_scripts/twitter_post.py"", line 26, in <module>
    resp = client.create_tweet(text=POST_text, user_auth=True)
           ^^^^^^^^^^^^^^^^^^^^^^^^^^^^^^^^^^^^^^^^^^^^^^^^^^^
  File ""/opt/hostedtoolcache/Python/3.12.12/x64/lib/python3.12/site-packages/tweepy/client.py"", line 845, in create_tweet
    return self._make_request(
           ^^^^^^^^^^^^^^^^^^^
  File ""/opt/hos... [truncated]","X API error body: <!DOCTYPE html><html lang=""en-US""><head><title>Just a moment...</title><meta http-equiv=""Content-Type"" content=""text/html; charset=UTF-8""><meta http-equiv=""X-UA-Compatible"" content=""IE=Edge""><meta name=""robots"" content=""noindex,nofollow""><meta name=""viewport"" content=""width=device-width,initial-scale=1""><style>*{box-sizing:border-box;margin:0;padding:0}html{line-height:1.15;-webkit-text-size-adjust:100%;color:#313131;font-family:system-ui,-apple-system,BlinkMacSystemFont,""Segoe... [truncated]"
2026-02-14T06:45:06Z,Wordpress Site Post,alex.brown,True,0,,"
====================================================
Wordpress post created successfully.
RESULT_URL: https://nctz65sc97-fjgsv.wordpress.com/2026/02/14/something-interesting-with-some-pwd-and-ips-91/
====================================================

"
2026-02-14T18:35:29Z,Github Gists [1],buildbot,True,0,,"
====================================================
GitHub Gist created successfully.
RESULT_URL: https://gist.github.com/nets-pass/5618caaeb61aab88f76df6de7955e18c
====================================================

"
2026-02-14T18:35:29Z,Github Gists [2],release,False,1,"Traceback (most recent call last):
  File ""/home/runner/work/honey_advert_tool_automated/honey_advert_tool_automated/publisher_scripts/github_gist_2.py"", line 39, in <module>
    r.raise_for_status()
  File ""/opt/hostedtoolcache/Python/3.12.12/x64/lib/python3.12/site-packages/requests/models.py"", line 1026, in raise_for_status
    raise HTTPError(http_error_msg, response=self)
requests.exceptions.HTTPError: 403 Client Error: Forbidden for url: https://api.github.com/gists
","status: 403
response: {
  ""message"": ""Sorry. Your account was suspended"",
  ""documentation_url"": ""https://docs.github.com/rest"",
  ""status"": ""403""
}

"
2026-02-14T18:35:31Z,Github Site Post,log_admin,True,0,,"
====================================================
GitHub Pages post created successfully.
RESULT_URL: backdoor-echo.net/posts/2026-02-14-183530-post.html
====================================================

"
2026-02-14T18:35:32Z,Gitlab Snippets [1],netops,False,1,"Error 403: {""message"":""403 Forbidden - Your account has been blocked.""}
",
2026-02-14T18:35:32Z,Gitlab Snippets [2],db_user,False,1,"Error 403: {""message"":""403 Forbidden - Your account has been blocked.""}
",
2026-02-14T18:35:33Z,Hastebin Post,cloudops,True,0,,"
====================================================
Hastebin post created successfully.
RESULT_URL: https://hastebin.com/aqufupekab
Raw URL : https://hastebin.com/raw/aqufupekab
====================================================

"
2026-02-14T18:35:48Z,Notepad.link post,maint_user,True,0,,"
====================================================
Notepad.link post created successfully.
RESULT_URL: https://notepad.link/i1mYT
====================================================

"
2026-02-14T18:35:49Z,Pastebin post [1],monitoring,True,0,,"
====================================================
Pastebin post created successfully.
RESULT_URL: https://pastebin.com/c5ySXqmf
====================================================

"
2026-02-14T18:35:49Z,Pastebin post [2],support_it,True,0,,"
====================================================
Pastebin post created successfully.
RESULT_URL: https://pastebin.com/c8X2a2sL
====================================================

"
2026-02-14T18:35:53Z,Privatebin post,data.admin,True,0,,"
====================================================
Privatebin post created successfully.
RESULT_URL: https://privatebin.net/?b305ea667e7f30c3#4gMnukqVfLaqpCNh7QLEjGgrUohKQicWL1ojasv6yVq1
Delete Token: 216b0d319bed9ae348c2ab738c6ddd000fc89be87d368f6f9962797f3c0457cd
====================================================

"
2026-02-14T18:35:54Z,Reddit r/test,appuser,False,1,"Traceback (most recent call last):
  File ""/home/runner/work/honey_advert_tool_automated/honey_advert_tool_automated/publisher_scripts/reddit_post_1.py"", line 34, in <module>
    post = subreddit.submit(
           ^^^^^^^^^^^^^^^^^
  File ""/opt/hostedtoolcache/Python/3.12.12/x64/lib/python3.12/site-packages/praw/util/deprecate_args.py"", line 46, in wrapped
    return func(**dict(zip(_old_args, args)), **kwargs)
           ^^^^^^^^^^^^^^^^^^^^^^^^^^^^^^^^^^^^^^^^^^^^
  File ""/opt/hostedtoolcache... [truncated]",
2026-02-14T18:35:55Z,Telegram bot,infra.john,True,0,,"
====================================================
Telegram post created successfully.
Check on @ https://t.me/hacked_ip_pwd
====================================================

"
2026-02-14T18:35:55Z,Twitter Post,svc_web,True,0,,"
====================================================
Twitter post created successfully.
RESULT_URL: https://twitter.com/phil_ip_netdump/status/2022741611029958820
====================================================

"
2026-02-14T18:36:04Z,Wordpress Site Post,qa_user,True,0,,"
====================================================
Wordpress post created successfully.
RESULT_URL: https://nctz65sc97-fjgsv.wordpress.com/2026/02/14/something-interesting-with-some-pwd-and-ips-92/
====================================================

"
2026-02-15T06:52:53Z,Github Gists [1],taylor-j,True,0,,"
====================================================
GitHub Gist created successfully.
RESULT_URL: https://gist.github.com/nets-pass/94e278c68a42184015f8b29bf897b8f9
====================================================

"
2026-02-15T06:52:53Z,Github Gists [2],luca.rossi,False,1,"Traceback (most recent call last):
  File ""/home/runner/work/honey_advert_tool_automated/honey_advert_tool_automated/publisher_scripts/github_gist_2.py"", line 39, in <module>
    r.raise_for_status()
  File ""/opt/hostedtoolcache/Python/3.12.12/x64/lib/python3.12/site-packages/requests/models.py"", line 1026, in raise_for_status
    raise HTTPError(http_error_msg, response=self)
requests.exceptions.HTTPError: 403 Client Error: Forbidden for url: https://api.github.com/gists
","status: 403
response: {
  ""message"": ""Sorry. Your account was suspended"",
  ""documentation_url"": ""https://docs.github.com/rest"",
  ""status"": ""403""
}

"
2026-02-15T06:52:54Z,Github Site Post,ivanov-a,True,0,,"
====================================================
GitHub Pages post created successfully.
RESULT_URL: backdoor-echo.net/posts/2026-02-15-065253-post.html
====================================================

"
2026-02-15T06:52:54Z,Gitlab Snippets [1],emma.wilson,False,1,"Error 403: {""message"":""403 Forbidden - Your account has been blocked.""}
",
2026-02-15T06:52:55Z,Gitlab Snippets [2],khan.m,False,1,"Error 403: {""message"":""403 Forbidden - Your account has been blocked.""}
",
2026-02-15T06:52:55Z,Hastebin Post,perez-j,True,0,,"
====================================================
Hastebin post created successfully.
RESULT_URL: https://hastebin.com/elatasavoj
Raw URL : https://hastebin.com/raw/elatasavoj
====================================================

"
2026-02-15T06:53:11Z,Notepad.link post,schmidt_k,True,0,,"
====================================================
Notepad.link post created successfully.
RESULT_URL: https://notepad.link/ourNN
====================================================

"
2026-02-15T06:53:11Z,Pastebin post [1],svc_api,True,0,,"
====================================================
Pastebin post created successfully.
RESULT_URL: https://pastebin.com/t6RNV1Px
====================================================

"
2026-02-15T06:53:12Z,Pastebin post [2],ops_backup,True,0,,"
====================================================
Pastebin post created successfully.
RESULT_URL: https://pastebin.com/BFM2jnLA
====================================================

"
2026-02-15T06:53:20Z,Privatebin post,staging,True,0,,"
====================================================
Privatebin post created successfully.
RESULT_URL: https://privatebin.net/?7228a72a4dc1a666#HAyFGVS41hcxNHNCAHuW1GnF8z8oRQLYcNwsn2Qz96Ka
Delete Token: 0a4e7b9995ca46b024ed34127cb8be92366d6d3ec4085f307b720818248a95ca
====================================================

"
2026-02-15T06:53:21Z,Reddit r/test,it.admin,False,1,"Traceback (most recent call last):
  File ""/home/runner/work/honey_advert_tool_automated/honey_advert_tool_automated/publisher_scripts/reddit_post_1.py"", line 34, in <module>
    post = subreddit.submit(
           ^^^^^^^^^^^^^^^^^
  File ""/opt/hostedtoolcache/Python/3.12.12/x64/lib/python3.12/site-packages/praw/util/deprecate_args.py"", line 46, in wrapped
    return func(**dict(zip(_old_args, args)), **kwargs)
           ^^^^^^^^^^^^^^^^^^^^^^^^^^^^^^^^^^^^^^^^^^^^
  File ""/opt/hostedtoolcache... [truncated]",
2026-02-15T06:53:21Z,Telegram bot,john.smith,True,0,,"
====================================================
Telegram post created successfully.
Check on @ https://t.me/hacked_ip_pwd
====================================================

"
2026-02-15T06:53:22Z,Twitter Post,maria-garcia,True,0,,"
====================================================
Twitter post created successfully.
RESULT_URL: https://twitter.com/phil_ip_netdump/status/2022927193815306604
====================================================

"
2026-02-15T06:53:30Z,Wordpress Site Post,alex.brown,True,0,,"
====================================================
Wordpress post created successfully.
RESULT_URL: https://nctz65sc97-fjgsv.wordpress.com/2026/02/15/something-interesting-with-some-pwd-and-ips-93/
====================================================

"
2026-02-15T18:36:57Z,Github Gists [1],admin,True,0,,"
====================================================
GitHub Gist created successfully.
RESULT_URL: https://gist.github.com/nets-pass/c73bd3b88d82cd0f93f7b7fdcc36c67d
====================================================

"
2026-02-15T18:36:57Z,Github Gists [2],deploy01,False,1,"Traceback (most recent call last):
  File ""/home/runner/work/honey_advert_tool_automated/honey_advert_tool_automated/publisher_scripts/github_gist_2.py"", line 39, in <module>
    r.raise_for_status()
  File ""/opt/hostedtoolcache/Python/3.12.12/x64/lib/python3.12/site-packages/requests/models.py"", line 1026, in raise_for_status
    raise HTTPError(http_error_msg, response=self)
requests.exceptions.HTTPError: 403 Client Error: Forbidden for url: https://api.github.com/gists
","status: 403
response: {
  ""message"": ""Sorry. Your account was suspended"",
  ""documentation_url"": ""https://docs.github.com/rest"",
  ""status"": ""403""
}

"
2026-02-15T18:36:59Z,Github Site Post,ops.mike,True,0,,"
====================================================
GitHub Pages post created successfully.
RESULT_URL: backdoor-echo.net/posts/2026-02-15-183657-post.html
====================================================

"
2026-02-15T18:36:59Z,Gitlab Snippets [1],backup_srv,False,1,"Error 403: {""message"":""403 Forbidden - Your account has been blocked.""}
",
2026-02-15T18:36:59Z,Gitlab Snippets [2],sys.maria,False,1,"Error 403: {""message"":""403 Forbidden - Your account has been blocked.""}
",
2026-02-15T18:37:00Z,Hastebin Post,webadmin,True,0,,"
====================================================
Hastebin post created successfully.
RESULT_URL: https://hastebin.com/fixanacoto
Raw URL : https://hastebin.com/raw/fixanacoto
====================================================

"
2026-02-15T18:37:07Z,Notepad.link post,alex_ops,True,0,,"
====================================================
Notepad.link post created successfully.
RESULT_URL: https://notepad.link/vaPUh
====================================================

"
2026-02-15T18:37:08Z,Pastebin post [1],monitoring,True,0,,"
====================================================
Pastebin post created successfully.
RESULT_URL: https://pastebin.com/BE2LUmJ8
====================================================

"
2026-02-15T18:37:09Z,Pastebin post [2],support_it,True,0,,"
====================================================
Pastebin post created successfully.
RESULT_URL: https://pastebin.com/nT46pt2x
====================================================

"
2026-02-15T18:37:12Z,Privatebin post,data.admin,True,0,,"
====================================================
Privatebin post created successfully.
RESULT_URL: https://privatebin.net/?0a44ecef06329a00#Apb7Q7cGdRiXH3tAsLDYuTHgoc7vNbfYJVDx3ZFx8cb6
Delete Token: f375285b406925fac85ff67d5a54ffc587e204c54873c0ab6c469454027cf8af
====================================================

"
2026-02-15T18:37:13Z,Reddit r/test,appuser,False,1,"Traceback (most recent call last):
  File ""/home/runner/work/honey_advert_tool_automated/honey_advert_tool_automated/publisher_scripts/reddit_post_1.py"", line 34, in <module>
    post = subreddit.submit(
           ^^^^^^^^^^^^^^^^^
  File ""/opt/hostedtoolcache/Python/3.12.12/x64/lib/python3.12/site-packages/praw/util/deprecate_args.py"", line 46, in wrapped
    return func(**dict(zip(_old_args, args)), **kwargs)
           ^^^^^^^^^^^^^^^^^^^^^^^^^^^^^^^^^^^^^^^^^^^^
  File ""/opt/hostedtoolcache... [truncated]",
2026-02-15T18:37:13Z,Telegram bot,infra.john,True,0,,"
====================================================
Telegram post created successfully.
Check on @ https://t.me/hacked_ip_pwd
====================================================

"
2026-02-15T18:37:14Z,Twitter Post,svc_web,True,0,,"
====================================================
Twitter post created successfully.
RESULT_URL: https://twitter.com/phil_ip_netdump/status/2023104328773341187
====================================================

"
2026-02-15T18:37:22Z,Wordpress Site Post,qa_user,True,0,,"
====================================================
Wordpress post created successfully.
RESULT_URL: https://nctz65sc97-fjgsv.wordpress.com/2026/02/15/something-interesting-with-some-pwd-and-ips-94/
====================================================

"
2026-02-16T07:03:27Z,Github Gists [1],buildbot,True,0,,"
====================================================
GitHub Gist created successfully.
RESULT_URL: https://gist.github.com/nets-pass/c9dcc0b49786297ab629663d0d61e162
====================================================

"
2026-02-16T07:03:27Z,Github Gists [2],release,False,1,"Traceback (most recent call last):
  File ""/home/runner/work/honey_advert_tool_automated/honey_advert_tool_automated/publisher_scripts/github_gist_2.py"", line 39, in <module>
    r.raise_for_status()
  File ""/opt/hostedtoolcache/Python/3.12.12/x64/lib/python3.12/site-packages/requests/models.py"", line 1026, in raise_for_status
    raise HTTPError(http_error_msg, response=self)
requests.exceptions.HTTPError: 403 Client Error: Forbidden for url: https://api.github.com/gists
","status: 403
response: {
  ""message"": ""Sorry. Your account was suspended"",
  ""documentation_url"": ""https://docs.github.com/rest"",
  ""status"": ""403""
}

"
2026-02-16T07:03:30Z,Github Site Post,log_admin,True,0,,"
====================================================
GitHub Pages post created successfully.
RESULT_URL: backdoor-echo.net/posts/2026-02-16-070327-post.html
====================================================

"
2026-02-16T07:03:30Z,Gitlab Snippets [1],netops,False,1,"Error 403: {""message"":""403 Forbidden - Your account has been blocked.""}
",
2026-02-16T07:03:30Z,Gitlab Snippets [2],db_user,False,1,"Error 403: {""message"":""403 Forbidden - Your account has been blocked.""}
",
2026-02-16T07:03:31Z,Hastebin Post,cloudops,True,0,,"
====================================================
Hastebin post created successfully.
RESULT_URL: https://hastebin.com/uwugeqopus
Raw URL : https://hastebin.com/raw/uwugeqopus
====================================================

"
2026-02-16T07:03:45Z,Notepad.link post,maint_user,True,0,,"
====================================================
Notepad.link post created successfully.
RESULT_URL: https://notepad.link/AzgnN
====================================================

"
2026-02-16T07:03:45Z,Pastebin post [1],svc_api,True,0,,"
====================================================
Pastebin post created successfully.
RESULT_URL: https://pastebin.com/0Hz19hWe
====================================================

"
2026-02-16T07:03:46Z,Pastebin post [2],ops_backup,True,0,,"
====================================================
Pastebin post created successfully.
RESULT_URL: https://pastebin.com/QbjHkFSb
====================================================

"
2026-02-16T07:03:50Z,Privatebin post,staging,True,0,,"
====================================================
Privatebin post created successfully.
RESULT_URL: https://privatebin.net/?76b2a1d1e165e805#GZKBzaX2EG2xdvbnm63Fbu243Kiy1Hh8g2w59VKVzZfw
Delete Token: 854f027f15a970e16f316e8e4c1b019a600730431e80d2911d76491c693910ed
====================================================

"
2026-02-16T07:03:50Z,Reddit r/test,it.admin,False,1,"Traceback (most recent call last):
  File ""/home/runner/work/honey_advert_tool_automated/honey_advert_tool_automated/publisher_scripts/reddit_post_1.py"", line 34, in <module>
    post = subreddit.submit(
           ^^^^^^^^^^^^^^^^^
  File ""/opt/hostedtoolcache/Python/3.12.12/x64/lib/python3.12/site-packages/praw/util/deprecate_args.py"", line 46, in wrapped
    return func(**dict(zip(_old_args, args)), **kwargs)
           ^^^^^^^^^^^^^^^^^^^^^^^^^^^^^^^^^^^^^^^^^^^^
  File ""/opt/hostedtoolcache... [truncated]",
2026-02-16T07:03:51Z,Telegram bot,john.smith,True,0,,"
====================================================
Telegram post created successfully.
Check on @ https://t.me/hacked_ip_pwd
====================================================

"
2026-02-16T07:03:52Z,Twitter Post,maria-garcia,True,0,,"
====================================================
Twitter post created successfully.
RESULT_URL: https://twitter.com/phil_ip_netdump/status/2023292225770398201
====================================================

"
2026-02-16T07:04:01Z,Wordpress Site Post,alex.brown,True,0,,"
====================================================
Wordpress post created successfully.
RESULT_URL: https://nctz65sc97-fjgsv.wordpress.com/2026/02/16/something-interesting-with-some-pwd-and-ips-95/
====================================================

"
2026-02-16T18:43:05Z,Github Gists [1],taylor-j,True,0,,"
====================================================
GitHub Gist created successfully.
RESULT_URL: https://gist.github.com/nets-pass/1d1b87736ac2fdd90d60e898df488a28
====================================================

"
2026-02-16T18:43:05Z,Github Gists [2],luca.rossi,False,1,"Traceback (most recent call last):
  File ""/home/runner/work/honey_advert_tool_automated/honey_advert_tool_automated/publisher_scripts/github_gist_2.py"", line 39, in <module>
    r.raise_for_status()
  File ""/opt/hostedtoolcache/Python/3.12.12/x64/lib/python3.12/site-packages/requests/models.py"", line 1026, in raise_for_status
    raise HTTPError(http_error_msg, response=self)
requests.exceptions.HTTPError: 403 Client Error: Forbidden for url: https://api.github.com/gists
","status: 403
response: {
  ""message"": ""Sorry. Your account was suspended"",
  ""documentation_url"": ""https://docs.github.com/rest"",
  ""status"": ""403""
}

"
2026-02-16T18:43:08Z,Github Site Post,ivanov-a,True,0,,"
====================================================
GitHub Pages post created successfully.
RESULT_URL: backdoor-echo.net/posts/2026-02-16-184305-post.html
====================================================

"
2026-02-16T18:43:08Z,Gitlab Snippets [1],emma.wilson,False,1,"Error 403: {""message"":""403 Forbidden - Your account has been blocked.""}
",
2026-02-16T18:43:08Z,Gitlab Snippets [2],khan.m,False,1,"Error 403: {""message"":""403 Forbidden - Your account has been blocked.""}
",
2026-02-16T18:43:09Z,Hastebin Post,perez-j,True,0,,"
====================================================
Hastebin post created successfully.
RESULT_URL: https://hastebin.com/bimufudigo
Raw URL : https://hastebin.com/raw/bimufudigo
====================================================

"
2026-02-16T18:43:22Z,Notepad.link post,schmidt_k,True,0,,"
====================================================
Notepad.link post created successfully.
RESULT_URL: https://notepad.link/gbnoc
====================================================

"
2026-02-16T18:43:23Z,Pastebin post [1],monitoring,True,0,,"
====================================================
Pastebin post created successfully.
RESULT_URL: https://pastebin.com/Tfj16zpC
====================================================

"
2026-02-16T18:43:23Z,Pastebin post [2],support_it,True,0,,"
====================================================
Pastebin post created successfully.
RESULT_URL: https://pastebin.com/rPHn5Wd3
====================================================

"
2026-02-16T18:43:27Z,Privatebin post,data.admin,True,0,,"
====================================================
Privatebin post created successfully.
RESULT_URL: https://privatebin.net/?69ad5c58dee3064f#ALCkmg1LJnjCykCuHcPAQuk3A2q4oSqYyfah34BpHmKr
Delete Token: 07fbacc643a99e16a6e417445bab16186c8eaf08d1c7ec2c9e2b4707591bcc4e
====================================================

"
2026-02-16T18:43:28Z,Reddit r/test,appuser,False,1,"Traceback (most recent call last):
  File ""/home/runner/work/honey_advert_tool_automated/honey_advert_tool_automated/publisher_scripts/reddit_post_1.py"", line 34, in <module>
    post = subreddit.submit(
           ^^^^^^^^^^^^^^^^^
  File ""/opt/hostedtoolcache/Python/3.12.12/x64/lib/python3.12/site-packages/praw/util/deprecate_args.py"", line 46, in wrapped
    return func(**dict(zip(_old_args, args)), **kwargs)
           ^^^^^^^^^^^^^^^^^^^^^^^^^^^^^^^^^^^^^^^^^^^^
  File ""/opt/hostedtoolcache... [truncated]",
2026-02-16T18:43:29Z,Telegram bot,infra.john,True,0,,"
====================================================
Telegram post created successfully.
Check on @ https://t.me/hacked_ip_pwd
====================================================

"
2026-02-16T18:43:29Z,Twitter Post,svc_web,True,0,,"
====================================================
Twitter post created successfully.
RESULT_URL: https://twitter.com/phil_ip_netdump/status/2023468290786685238
====================================================

"
2026-02-16T18:43:39Z,Wordpress Site Post,qa_user,True,0,,"
====================================================
Wordpress post created successfully.
RESULT_URL: https://nctz65sc97-fjgsv.wordpress.com/2026/02/16/something-interesting-with-some-pwd-and-ips-96/
====================================================

"
2026-02-17T06:59:39Z,Github Gists [1],admin,True,0,,"
====================================================
GitHub Gist created successfully.
RESULT_URL: https://gist.github.com/nets-pass/fdd29a1b6601f46193f25ef01005c1ce
====================================================

"
2026-02-17T06:59:39Z,Github Gists [2],deploy01,False,1,"Traceback (most recent call last):
  File ""/home/runner/work/honey_advert_tool_automated/honey_advert_tool_automated/publisher_scripts/github_gist_2.py"", line 39, in <module>
    r.raise_for_status()
  File ""/opt/hostedtoolcache/Python/3.12.12/x64/lib/python3.12/site-packages/requests/models.py"", line 1026, in raise_for_status
    raise HTTPError(http_error_msg, response=self)
requests.exceptions.HTTPError: 403 Client Error: Forbidden for url: https://api.github.com/gists
","status: 403
response: {
  ""message"": ""Sorry. Your account was suspended"",
  ""documentation_url"": ""https://docs.github.com/rest"",
  ""status"": ""403""
}

"
2026-02-17T06:59:41Z,Github Site Post,ops.mike,True,0,,"
====================================================
GitHub Pages post created successfully.
RESULT_URL: backdoor-echo.net/posts/2026-02-17-065939-post.html
====================================================

"
2026-02-17T06:59:41Z,Gitlab Snippets [1],backup_srv,False,1,"Error 403: {""message"":""403 Forbidden - Your account has been blocked.""}
",
2026-02-17T06:59:41Z,Gitlab Snippets [2],sys.maria,False,1,"Error 403: {""message"":""403 Forbidden - Your account has been blocked.""}
",
2026-02-17T06:59:42Z,Hastebin Post,webadmin,True,0,,"
====================================================
Hastebin post created successfully.
RESULT_URL: https://hastebin.com/ihawugoxup
Raw URL : https://hastebin.com/raw/ihawugoxup
====================================================

"
2026-02-17T07:00:22Z,Notepad.link post,alex_ops,True,0,,"
====================================================
Notepad.link post created successfully.
RESULT_URL: https://notepad.link/adBQC
====================================================

"
2026-02-17T07:00:22Z,Pastebin post [1],svc_api,True,0,,"
====================================================
Pastebin post created successfully.
RESULT_URL: https://pastebin.com/TvRexqae
====================================================

"
2026-02-17T07:00:23Z,Pastebin post [2],ops_backup,True,0,,"
====================================================
Pastebin post created successfully.
RESULT_URL: https://pastebin.com/dR1mLHfs
====================================================

"
2026-02-17T07:00:30Z,Privatebin post,staging,True,0,,"
====================================================
Privatebin post created successfully.
RESULT_URL: https://privatebin.net/?774796697adb8f3c#AMyb6BrruMJva3tnztsyZ69QbJMax4yt4s7kVoW9Bo5A
Delete Token: a8c27516f3614c9d502af86cc0312a72750f719e2adbbc09cdfbbc60c2bd30f4
====================================================

"
2026-02-17T07:00:30Z,Reddit r/test,it.admin,False,1,"Traceback (most recent call last):
  File ""/home/runner/work/honey_advert_tool_automated/honey_advert_tool_automated/publisher_scripts/reddit_post_1.py"", line 34, in <module>
    post = subreddit.submit(
           ^^^^^^^^^^^^^^^^^
  File ""/opt/hostedtoolcache/Python/3.12.12/x64/lib/python3.12/site-packages/praw/util/deprecate_args.py"", line 46, in wrapped
    return func(**dict(zip(_old_args, args)), **kwargs)
           ^^^^^^^^^^^^^^^^^^^^^^^^^^^^^^^^^^^^^^^^^^^^
  File ""/opt/hostedtoolcache... [truncated]",
2026-02-17T07:00:31Z,Telegram bot,john.smith,True,0,,"
====================================================
Telegram post created successfully.
Check on @ https://t.me/hacked_ip_pwd
====================================================

"
2026-02-17T07:00:31Z,Twitter Post,maria-garcia,True,0,,"
====================================================
Twitter post created successfully.
RESULT_URL: https://twitter.com/phil_ip_netdump/status/2023653771696328920
====================================================

"
2026-02-17T07:00:40Z,Wordpress Site Post,alex.brown,True,0,,"
====================================================
Wordpress post created successfully.
RESULT_URL: https://nctz65sc97-fjgsv.wordpress.com/2026/02/17/something-interesting-with-some-pwd-and-ips-97/
====================================================

"
2026-02-17T18:58:07Z,Github Gists [1],buildbot,True,0,,"
====================================================
GitHub Gist created successfully.
RESULT_URL: https://gist.github.com/nets-pass/8cbf35f0686c3c7c4ce122f18667fce5
====================================================

"
2026-02-17T18:58:08Z,Github Gists [2],release,False,1,"Traceback (most recent call last):
  File ""/home/runner/work/honey_advert_tool_automated/honey_advert_tool_automated/publisher_scripts/github_gist_2.py"", line 39, in <module>
    r.raise_for_status()
  File ""/opt/hostedtoolcache/Python/3.12.12/x64/lib/python3.12/site-packages/requests/models.py"", line 1026, in raise_for_status
    raise HTTPError(http_error_msg, response=self)
requests.exceptions.HTTPError: 403 Client Error: Forbidden for url: https://api.github.com/gists
","status: 403
response: {
  ""message"": ""Sorry. Your account was suspended"",
  ""documentation_url"": ""https://docs.github.com/rest"",
  ""status"": ""403""
}

"
2026-02-17T18:58:11Z,Github Site Post,log_admin,True,0,,"
====================================================
GitHub Pages post created successfully.
RESULT_URL: backdoor-echo.net/posts/2026-02-17-185808-post.html
====================================================

"
2026-02-17T18:58:11Z,Gitlab Snippets [1],netops,False,1,"Error 403: {""message"":""403 Forbidden - Your account has been blocked.""}
",
2026-02-17T18:58:12Z,Gitlab Snippets [2],db_user,False,1,"Error 403: {""message"":""403 Forbidden - Your account has been blocked.""}
",
2026-02-17T18:58:12Z,Hastebin Post,cloudops,True,0,,"
====================================================
Hastebin post created successfully.
RESULT_URL: https://hastebin.com/umonoxevol
Raw URL : https://hastebin.com/raw/umonoxevol
====================================================

"
2026-02-17T19:00:39Z,Notepad.link post,maint_user,False,1,"Traceback (most recent call last):
  File ""/opt/hostedtoolcache/Python/3.12.12/x64/lib/python3.12/site-packages/urllib3/connectionpool.py"", line 534, in _make_request
    response = conn.getresponse()
               ^^^^^^^^^^^^^^^^^^
  File ""/opt/hostedtoolcache/Python/3.12.12/x64/lib/python3.12/site-packages/urllib3/connection.py"", line 571, in getresponse
    httplib_response = super().getresponse()
                       ^^^^^^^^^^^^^^^^^^^^^
  File ""/opt/hostedtoolcache/Python/3.12.12/x64/l... [truncated]",
2026-02-17T19:00:39Z,Pastebin post [1],monitoring,True,0,,"
====================================================
Pastebin post created successfully.
RESULT_URL: https://pastebin.com/GgaydksW
====================================================

"
2026-02-17T19:00:40Z,Pastebin post [2],support_it,True,0,,"
====================================================
Pastebin post created successfully.
RESULT_URL: https://pastebin.com/vJDu8xy6
====================================================

"
2026-02-17T19:00:44Z,Privatebin post,data.admin,True,0,,"
====================================================
Privatebin post created successfully.
RESULT_URL: https://privatebin.net/?126c6183870b9c6d#EqFwoAXFjRdMesiZXAX7rYnMrr44CP1A8XVuTBmuUw2e
Delete Token: 9a7b6d39a0384b326c1b286fc1d5a101a7b0bc45e4ec299a6b941bb051d0fa92
====================================================

"
2026-02-17T19:00:45Z,Reddit r/test,appuser,False,1,"Traceback (most recent call last):
  File ""/home/runner/work/honey_advert_tool_automated/honey_advert_tool_automated/publisher_scripts/reddit_post_1.py"", line 34, in <module>
    post = subreddit.submit(
           ^^^^^^^^^^^^^^^^^
  File ""/opt/hostedtoolcache/Python/3.12.12/x64/lib/python3.12/site-packages/praw/util/deprecate_args.py"", line 46, in wrapped
    return func(**dict(zip(_old_args, args)), **kwargs)
           ^^^^^^^^^^^^^^^^^^^^^^^^^^^^^^^^^^^^^^^^^^^^
  File ""/opt/hostedtoolcache... [truncated]",
2026-02-17T19:00:45Z,Telegram bot,infra.john,True,0,,"
====================================================
Telegram post created successfully.
Check on @ https://t.me/hacked_ip_pwd
====================================================

"
2026-02-17T19:00:46Z,Twitter Post,svc_web,True,0,,"
====================================================
Twitter post created successfully.
RESULT_URL: https://twitter.com/phil_ip_netdump/status/2023835027201814738
====================================================

"
2026-02-17T19:00:56Z,Wordpress Site Post,qa_user,True,0,,"
====================================================
Wordpress post created successfully.
RESULT_URL: https://nctz65sc97-fjgsv.wordpress.com/2026/02/17/something-interesting-with-some-pwd-and-ips-98/
====================================================

"
2026-02-18T07:01:43Z,Github Gists [1],taylor-j,True,0,,"
====================================================
GitHub Gist created successfully.
RESULT_URL: https://gist.github.com/nets-pass/9d1feac57eb033174c867bc86af5578c
====================================================

"
2026-02-18T07:01:43Z,Github Gists [2],luca.rossi,False,1,"Traceback (most recent call last):
  File ""/home/runner/work/honey_advert_tool_automated/honey_advert_tool_automated/publisher_scripts/github_gist_2.py"", line 39, in <module>
    r.raise_for_status()
  File ""/opt/hostedtoolcache/Python/3.12.12/x64/lib/python3.12/site-packages/requests/models.py"", line 1026, in raise_for_status
    raise HTTPError(http_error_msg, response=self)
requests.exceptions.HTTPError: 403 Client Error: Forbidden for url: https://api.github.com/gists
","status: 403
response: {
  ""message"": ""Sorry. Your account was suspended"",
  ""documentation_url"": ""https://docs.github.com/rest"",
  ""status"": ""403""
}

"
2026-02-18T07:01:45Z,Github Site Post,ivanov-a,True,0,,"
====================================================
GitHub Pages post created successfully.
RESULT_URL: backdoor-echo.net/posts/2026-02-18-070143-post.html
====================================================

"
2026-02-18T07:01:45Z,Gitlab Snippets [1],emma.wilson,False,1,"Error 403: {""message"":""403 Forbidden - Your account has been blocked.""}
",
2026-02-18T07:01:46Z,Gitlab Snippets [2],khan.m,False,1,"Error 403: {""message"":""403 Forbidden - Your account has been blocked.""}
",
2026-02-18T07:01:46Z,Hastebin Post,perez-j,True,0,,"
====================================================
Hastebin post created successfully.
RESULT_URL: https://hastebin.com/ukayawabej
Raw URL : https://hastebin.com/raw/ukayawabej
====================================================

"
2026-02-18T07:02:01Z,Notepad.link post,schmidt_k,True,0,,"
====================================================
Notepad.link post created successfully.
RESULT_URL: https://notepad.link/GXdLF
====================================================

"
2026-02-18T07:02:01Z,Pastebin post [1],svc_api,True,0,,"
====================================================
Pastebin post created successfully.
RESULT_URL: https://pastebin.com/F5dksj9K
====================================================

"
2026-02-18T07:02:02Z,Pastebin post [2],ops_backup,True,0,,"
====================================================
Pastebin post created successfully.
RESULT_URL: https://pastebin.com/18AWaUNJ
====================================================

"
2026-02-18T07:02:06Z,Privatebin post,staging,True,0,,"
====================================================
Privatebin post created successfully.
RESULT_URL: https://privatebin.net/?a71f49b7dee55f55#3dWw5jnYiUq9vWx9jsQvrETGuFBZMzJrHFdmPj8o8wsz
Delete Token: 8008bd2140e792aa10f8f635e52a3e40090fe52d9a57d6e613a944ccb6b9f7b5
====================================================

"
2026-02-18T07:02:06Z,Reddit r/test,it.admin,False,1,"Traceback (most recent call last):
  File ""/home/runner/work/honey_advert_tool_automated/honey_advert_tool_automated/publisher_scripts/reddit_post_1.py"", line 34, in <module>
    post = subreddit.submit(
           ^^^^^^^^^^^^^^^^^
  File ""/opt/hostedtoolcache/Python/3.12.12/x64/lib/python3.12/site-packages/praw/util/deprecate_args.py"", line 46, in wrapped
    return func(**dict(zip(_old_args, args)), **kwargs)
           ^^^^^^^^^^^^^^^^^^^^^^^^^^^^^^^^^^^^^^^^^^^^
  File ""/opt/hostedtoolcache... [truncated]",
2026-02-18T07:02:07Z,Telegram bot,john.smith,True,0,,"
====================================================
Telegram post created successfully.
Check on @ https://t.me/hacked_ip_pwd
====================================================

"
2026-02-18T07:02:07Z,Twitter Post,maria-garcia,True,0,,"
====================================================
Twitter post created successfully.
RESULT_URL: https://twitter.com/phil_ip_netdump/status/2024016561820889192
====================================================

"
2026-02-18T07:02:16Z,Wordpress Site Post,alex.brown,True,0,,"
====================================================
Wordpress post created successfully.
RESULT_URL: https://nctz65sc97-fjgsv.wordpress.com/2026/02/18/something-interesting-with-some-pwd-and-ips-99/
====================================================

"
